nome,ruolo,email,linkedin,azienda,dominio,paese,offerte_attive_nell_indice,apertura_suggerita
Eoin Woods,CTO,eoin.woods@endava.com,linkedin.com/in/eoinwoods,endava,endava.com,United Kingdom,128,"We read endava.com every morning — 128 open roles there right now. We built the index that tracks who hires what, and I thought you might want to see your own hiring footprint (free sample, no call needed)."
Fabrice Robini,VP Engineering,fabrice@aircall.io,linkedin.com/in/fabrice-robini-01b8721,aircall,aircall.io,France,77,"We read aircall.io every morning — 77 open roles there right now. We built the index that tracks who hires what, and I thought you might want to see your own hiring footprint (free sample, no call needed)."
Didier Girard,VP Engineering,girard.d@sfeir.com,linkedin.com/in/didiergirard,sfeir,sfeir.com,France,48,"We read sfeir.com every morning — 48 open roles there right now. We built the index that tracks who hires what, and I thought you might want to see your own hiring footprint (free sample, no call needed)."
Wing Leung,CTO,wing.leung@huawei.com,linkedin.com/in/wing-kin-leung-6a27a042,huawei technologies,huawei.com,Netherlands,48,"We read huawei.com every morning — 48 open roles there right now. We built the index that tracks who hires what, and I thought you might want to see your own hiring footprint (free sample, no call needed)."
Sebastian Conrad,VP of Engineering,sebastian@cultureamp.com,linkedin.com/in/vonconrad,culture amp,cultureamp.com,Australia,35,"We read cultureamp.com every morning — 35 open roles there right now. We built the index that tracks who hires what, and I thought you might want to see your own hiring footprint (free sample, no call needed)."
David Durrleman,Co-Founder & CTO,david.durrleman@shift-technology.com,linkedin.com/in/daviddurrleman,shift technology,shift-technology.com,France,31,"We read shift-technology.com every morning — 31 open roles there right now. We built the index that tracks who hires what, and I thought you might want to see your own hiring footprint (free sample, no call needed)."
Diogo Guerra,VP Engineering,diogo.guerra@feedzai.com,linkedin.com/in/diogoguerra,feedzai,feedzai.com,Portugal,27,"We read feedzai.com every morning — 27 open roles there right now. We built the index that tracks who hires what, and I thought you might want to see your own hiring footprint (free sample, no call needed)."
Jakub Slocki,VP Engineering,jakub.slocki@showpad.com,linkedin.com/in/jakubslocki,showpad,showpad.com,United Kingdom,27,"We read showpad.com every morning — 27 open roles there right now. We built the index that tracks who hires what, and I thought you might want to see your own hiring footprint (free sample, no call needed)."
Adam Rowland,VP Product and Engineering,adam.rowland@masabi.com,linkedin.com/in/adamrowland,masabi,masabi.com,United Kingdom,22,"We read masabi.com every morning — 22 open roles there right now. We built the index that tracks who hires what, and I thought you might want to see your own hiring footprint (free sample, no call needed)."
Peter Elger,CTO and Co-Founder,peter.elger@nearform.com,linkedin.com/in/peterelger,nearform,nearform.com,Ireland,21,"We read nearform.com every morning — 21 open roles there right now. We built the index that tracks who hires what, and I thought you might want to see your own hiring footprint (free sample, no call needed)."
Rolf Kluge,CTO,rolf.kluge@appsfactory.de,linkedin.com/in/rolf-kluge-9490237,appsfactory gmbh,appsfactory.de,Germany,17,"We read appsfactory.de every morning — 17 open roles there right now. We built the index that tracks who hires what, and I thought you might want to see your own hiring footprint (free sample, no call needed)."
Teo Ruiz,VP Engineering,teo.ruiz@jobandtalent.com,linkedin.com/in/teoruiz,jobandtalent,jobandtalent.com,United Kingdom,16,"We read jobandtalent.com every morning — 16 open roles there right now. We built the index that tracks who hires what, and I thought you might want to see your own hiring footprint (free sample, no call needed)."
Adam Geitgey,Co-Founder & CTO,adam@turquoise.health,linkedin.com/in/ageitgey,Turquoise Health,turquoise.health,United Kingdom,15,"We read turquoise.health every morning — 15 open roles there right now. We built the index that tracks who hires what, and I thought you might want to see your own hiring footprint (free sample, no call needed)."
Paul Aykroyd,VP Engineering,paula@speechmatics.com,linkedin.com/in/paul-aykroyd-a71788112,speechmatics,speechmatics.com,United Kingdom,14,"We read speechmatics.com every morning — 14 open roles there right now. We built the index that tracks who hires what, and I thought you might want to see your own hiring footprint (free sample, no call needed)."
Henrik Printzlau,"CTO, Co-founder",henrik.printzlau@templafy.com,linkedin.com/in/henrik-printzlau-00022b,templafy,templafy.com,Denmark,11,"We read templafy.com every morning — 11 open roles there right now. We built the index that tracks who hires what, and I thought you might want to see your own hiring footprint (free sample, no call needed)."
Adelio Fernandes,VP Engineering,adelio.fernandes@criticalmanufacturing.com,linkedin.com/in/adeliofernandes,critical manufacturing,criticalmanufacturing.com,Portugal,10,"We read criticalmanufacturing.com every morning — 10 open roles there right now. We built the index that tracks who hires what, and I thought you might want to see your own hiring footprint (free sample, no call needed)."
Stepan Suvorov,VP Engineering,stepan@studytube.nl,linkedin.com/in/stepansuvorov,studytube,studytube.nl,Netherlands,10,"We read studytube.nl every morning — 10 open roles there right now. We built the index that tracks who hires what, and I thought you might want to see your own hiring footprint (free sample, no call needed)."
Dan Cripe,CTO,dan.cripe@bonial.com,linkedin.com/in/dancripe,bonialcom,bonial.com,Germany,8,"We read bonial.com every morning — 8 open roles there right now. We built the index that tracks who hires what, and I thought you might want to see your own hiring footprint (free sample, no call needed)."
Guillermo Christen,CTO,guillermo.christen@intenthq.com,linkedin.com/in/guillermochristen,intent hq,intenthq.com,United Kingdom,8,"We read intenthq.com every morning — 8 open roles there right now. We built the index that tracks who hires what, and I thought you might want to see your own hiring footprint (free sample, no call needed)."
Anthony Drogon,CTO and Founder,anthony@seedlegals.com,linkedin.com/in/anthony-drogon-9629b154,seedlegals,seedlegals.com,United Kingdom,7,"We read seedlegals.com every morning — 7 open roles there right now. We built the index that tracks who hires what, and I thought you might want to see your own hiring footprint (free sample, no call needed)."
Erik Bakstad,Co-founder and CTO,erik.bakstad@ardoq.com,linkedin.com/in/ebaxt,ardoq,ardoq.com,Norway,7,"We read ardoq.com every morning — 7 open roles there right now. We built the index that tracks who hires what, and I thought you might want to see your own hiring footprint (free sample, no call needed)."
Andrew West,Head of Data,andrew.west@relax-gaming.com,linkedin.com/in/andrew-west-56ba1b12,relax gaming ltd,relax-gaming.com,United Kingdom,7,"We read relax-gaming.com every morning — 7 open roles there right now. We built the index that tracks who hires what, and I thought you might want to see your own hiring footprint (free sample, no call needed)."
Wojciech Zwiefka,CTO,wzwiefka@getresponse.com,linkedin.com/in/wojciech-zwiefka-526431,getresponse,getresponse.com,Poland,7,"We read getresponse.com every morning — 7 open roles there right now. We built the index that tracks who hires what, and I thought you might want to see your own hiring footprint (free sample, no call needed)."
Manuel Bork,CTO,mbork@yatta.de,linkedin.com/in/manuelbork,yatta,yatta.de,Germany,6,"We read yatta.de every morning — 6 open roles there right now. We built the index that tracks who hires what, and I thought you might want to see your own hiring footprint (free sample, no call needed)."
Daan Debie,VP of Engineering,daan@source.ag,linkedin.com/in/danieldebie,Source.ag,source.ag,Netherlands,5,"We read source.ag every morning — 5 open roles there right now. We built the index that tracks who hires what, and I thought you might want to see your own hiring footprint (free sample, no call needed)."
Antoine Vervoort,VP of Engineering - Co-Founder,antoine.vervoort@sightcall.com,linkedin.com/in/antoine-vervoort-37308925,sightcall,sightcall.com,France,4,"We read sightcall.com every morning — 4 open roles there right now. We built the index that tracks who hires what, and I thought you might want to see your own hiring footprint (free sample, no call needed)."
Stephan Niedermeier,"Founder and Owner, CTO",stephan.niedermeier@ftapi.com,linkedin.com/in/sniederm,ftapi software gmbh,ftapi.com,Germany,4,"We read ftapi.com every morning — 4 open roles there right now. We built the index that tracks who hires what, and I thought you might want to see your own hiring footprint (free sample, no call needed)."
Ray Brandenburg,"CTO,",ray@tiledmedia.com,linkedin.com/in/ray-van-brandenburg-b4205525,tiledmedia,tiledmedia.com,Netherlands,4,"We read tiledmedia.com every morning — 4 open roles there right now. We built the index that tracks who hires what, and I thought you might want to see your own hiring footprint (free sample, no call needed)."
Rostyslav Yavorskyi,CTO & Co-Founder,rostyslav.yavorskyi@toolsense.io,linkedin.com/in/yavorskyi,ToolSense,toolsense.io,Austria,3,"We read toolsense.io every morning — 3 open roles there right now. We built the index that tracks who hires what, and I thought you might want to see your own hiring footprint (free sample, no call needed)."
Simone Zoroddu,Co-Founder & CTO,simone.zoroddu@re-edit.it,linkedin.com/in/simonezoroddu,reedit,re-edit.it,Italy,3,"We read re-edit.it every morning — 3 open roles there right now. We built the index that tracks who hires what, and I thought you might want to see your own hiring footprint (free sample, no call needed)."
Garik Suess,"CTO, Co Founder",garik@candis.io,linkedin.com/in/garik-suess-65114544,candisio,candis.io,Germany,3,"We read candis.io every morning — 3 open roles there right now. We built the index that tracks who hires what, and I thought you might want to see your own hiring footprint (free sample, no call needed)."
Jacek Skrzypiec,Co-Founder & CTO,jacek@teckro.com,linkedin.com/in/jacekskrzypiec,teckro,teckro.com,Ireland,3,"We read teckro.com every morning — 3 open roles there right now. We built the index that tracks who hires what, and I thought you might want to see your own hiring footprint (free sample, no call needed)."
Thomas Mchugh,CTO,thomas.mchugh@finbourne.com,linkedin.com/in/thomasmchugh1,finbourne technology,finbourne.com,United Kingdom,3,"We read finbourne.com every morning — 3 open roles there right now. We built the index that tracks who hires what, and I thought you might want to see your own hiring footprint (free sample, no call needed)."
Radu Creosteanu,CTO,radu.creosteanu@fleetster.net,linkedin.com/in/raducreosteanu,fleetster  next generation mobility gmbh  co kg,fleetster.net,Romania,3,"We read fleetster.net every morning — 3 open roles there right now. We built the index that tracks who hires what, and I thought you might want to see your own hiring footprint (free sample, no call needed)."
Rashid Mansoor,"Co-Founder, CTO",rashid.mansoor@hadean.com,linkedin.com/in/rashidmansoor,hadean,hadean.com,United Kingdom,2,"We read hadean.com every morning — 2 open roles there right now. We built the index that tracks who hires what, and I thought you might want to see your own hiring footprint (free sample, no call needed)."
Toni Birrer,Co-Founder and CTO,aircall@squirro.com,linkedin.com/in/tonibirrer,squirro,squirro.com,Switzerland,2,"We read squirro.com every morning — 2 open roles there right now. We built the index that tracks who hires what, and I thought you might want to see your own hiring footprint (free sample, no call needed)."
Vlad Lata,CTO & Co-Founder,vlad.lata@konux.com,linkedin.com/in/vladlata,konux,konux.com,Germany,2,"We read konux.com every morning — 2 open roles there right now. We built the index that tracks who hires what, and I thought you might want to see your own hiring footprint (free sample, no call needed)."
Tom Forlini,Co-founder/CTO,tom@livestorm.co,linkedin.com/in/tom-forlini-61a95974,Livestorm,livestorm.co,France,2,"We read livestorm.co every morning — 2 open roles there right now. We built the index that tracks who hires what, and I thought you might want to see your own hiring footprint (free sample, no call needed)."
Matthew Tod,Chief  Data & Analytics Officer,matthew.tod@celebrus.com,linkedin.com/in/matthewtod,d4t4 solutions plc,celebrus.com,United Kingdom,2,"We read celebrus.com every morning — 2 open roles there right now. We built the index that tracks who hires what, and I thought you might want to see your own hiring footprint (free sample, no call needed)."
Pascal Schindelholz,CTO,pascal.schindelholz@qiibee.com,linkedin.com/in/pascal-schindelholz-8a2a6755,qiibee,qiibee.com,Switzerland,2,"We read qiibee.com every morning — 2 open roles there right now. We built the index that tracks who hires what, and I thought you might want to see your own hiring footprint (free sample, no call needed)."
Michał Kleszcz,CTO,mkleszcz@apptension.com,linkedin.com/in/micha%c5%82-kleszcz-12171378,apptension sp z oo,apptension.com,Poland,2,"We read apptension.com every morning — 2 open roles there right now. We built the index that tracks who hires what, and I thought you might want to see your own hiring footprint (free sample, no call needed)."
Torsten Mandelkow,"Founder, CTO",torsten.mandelkow@rencore.com,linkedin.com/in/torsten-mandelkow-25387b3,rencore,rencore.com,Germany,1,"We read rencore.com every morning — 1 open roles there right now. We built the index that tracks who hires what, and I thought you might want to see your own hiring footprint (free sample, no call needed)."
Arnaud Pichery,VP Engineering,arnaud.pichery@dataiku.com,linkedin.com/in/apichery,dataiku,dataiku.com,France,1,"We read dataiku.com every morning — 1 open roles there right now. We built the index that tracks who hires what, and I thought you might want to see your own hiring footprint (free sample, no call needed)."
Irsan Widarto,CTO,irsan.widarto@ichoosr.com,linkedin.com/in/irsanwidarto,ichoosr,ichoosr.com,Netherlands,1,"We read ichoosr.com every morning — 1 open roles there right now. We built the index that tracks who hires what, and I thought you might want to see your own hiring footprint (free sample, no call needed)."
Ben Emson,CTO,ben.emson@topolytics.com,linkedin.com/in/emson,topolytics,topolytics.com,United Kingdom,1,"We read topolytics.com every morning — 1 open roles there right now. We built the index that tracks who hires what, and I thought you might want to see your own hiring footprint (free sample, no call needed)."
Ribreau Thomas,CTO,thomas@aquafadas.com,linkedin.com/in/ribreauthomas,aquafadas,aquafadas.com,France,1,"We read aquafadas.com every morning — 1 open roles there right now. We built the index that tracks who hires what, and I thought you might want to see your own hiring footprint (free sample, no call needed)."
Damien O'Rourke,CTO,damien.orourke@intelligencebank.com,linkedin.com/in/damien-o-rourke-ba81b920,intelligencebank pty ltd,intelligencebank.com,Australia,1,"We read intelligencebank.com every morning — 1 open roles there right now. We built the index that tracks who hires what, and I thought you might want to see your own hiring footprint (free sample, no call needed)."
Luís Simão,CTO,luis.simao@tekever.com,linkedin.com/in/luiss2,Mobizy,tekever.com,Portugal,1,"We read tekever.com every morning — 1 open roles there right now. We built the index that tracks who hires what, and I thought you might want to see your own hiring footprint (free sample, no call needed)."
